project_id,project_name,display_name,transaction_count,gas_fees,active_days,is_eligible
rxrN8HnLLV8SOP3md3NfXpntywh7F7n5fuRMqFB3Upo=,0x4288aacdda65af69c03b2c9b9d057e2b93ed1b7671e481b03c6a7b33349d2365,Aerodrome Finance,1057424066,1205.4430176676103,180,True
Jr4krZ4lp1dMiTRDwmF2R9Hw4mF3rsukcBCM4pnF/fc=,0x9d9162fac637991d2a56da8fbe03dba24c87eb82d47c7a00b921e39e956f8a9d,Uniswap on Superchain (Oku),198255094,2094.583946265494,180,True
5/9fRbVoDF7pHwBdiMbNUbKhidEt/12Ojt9f8cWoZnQ=,0x08df6e20a3cfabbaf8f34d4f4d048fe7da40447c24be0f3ad513db6f13c755dd,Velodrome Finance,177538020,160.1772145027938,180,True
HgZEmwMqbOcnLVW065exx9nhiBr6eoEA2any9TRsGfc=,0x780cf3d5aa4e3c94b8a4157f4b06a3f92ebcc20813585e20e3fe0271bf76b7a9,Virtuals Protocol,122072506,219.3882756360201,180,True
aSaPoGvCksiKFQcgA/PPtFtHJ59WMM+sGztS1bV5Hl4=,0x5958eb35cf4d4b8871924adc5e6272eff2ac701e368ca6ad043ee486cce9e223,Kyo finance,79553844,99.44112840546039,142,True
SCZCX5l1VjxXvT0+wTXXjrDT3akiS4ByhWo7bFnRxkU=,0x1ac8413aaf8110410b9447af27251ba89311f5ec4e2d289006e834b122a44dbf,PancakeSwap,51726243,19.825850938795615,180,True
fN+LFwTxCdNTzXYD1xfU/hGSxIMv9/pSE/AQlo7GzVM=,0xf4e56e0c6654d6ef621191708f27ee20242462f541d3e79dc5512e1a10d90736,Eggs Vault,43900269,0.0075796661146243,180,True
jHOi2N54/p/GsZ4tLHRJbh96nqHa/DkEfXKh1TrZ3Zc=,0x81c88822ad7d004a94a2a5ce5d6a2a04466f78d211931230ac0c5a804d36c855,Mint Forest,41113214,6.891898040147529,133,True
MSfDkUunLKtfuMRdZuSxuemESQuIWKFCh1O6ySIEUs8=,0xb98778ca9ff41446e2bc304f7b5d27f0fa7c2bcd11df19e22d1352c06698a1f6,Account Abstraction - ERC-4337,37300013,1308.5580217339807,180,True
xU438Viei8ELWQdDgR6NraNpkl1TUXbnHjaCd5NN0QA=,0x18923b60296e26a8ce35a0b4754cd6fd5427b2820a202f82901c826794fdbc9e,Sake,34395610,29.993602601979333,147,True
cTfk+RW4AUsig6i213MsTu+SdMtKCv63qOLCX1M091g=,0x40ee6048c99aefd288f6133db207849d0951fe6b62afa1cca0db5a4ad7f558de,ORO,32896222,0.0003245620975712759,180,True
fzyLlM5uSvCcAVRH1l/+WC3LL9mgZCfa/SLJnWxrYW0=,0x5831a5bc2b6e683bcb8e392453a85c5e7f755aa700e827ed9c3e1c6d67fb2a96,World Republic,28991384,0.07124673739810079,114,True
rV6VRIUtgdaeu5+g1y7vloRmK9sbBEl3rFCs1r7OR7A=,0xb926ab918147d2264dba94a429eb07986aa533fd6062a78736d3eda4e0b4a69b,Oku Trade,28654217,54.293521171953444,180,True
VsbnIqH0Z8ErW7VixsMTGcLVf45E645bcxAVcD/KZT0=,0x3061b642db56c507e265f03029735b0413a613bda43456a31e78128baeb18754,Aave,28169460,12.054680377866884,180,True
P3dU/62sTr3knh18S5WwzzLcKv9x57/A/r/Byn2LtPU=,0xdafc4d2a060c7d08913ceb05b19c4fe7fb6d93a7f5f1142642be939be16bf6e9,DNA Token,26887411,0.03992032440079411,180,True
RxZsvgAlu4U6NJPHoDaURU2dSy/x7ey1UKzAk3pahTE=,0x2c41bf7b4d36a344881581e20ecb2929d38c3415fffa4bf65f81ae049dfb2e72,PUF,23623379,0.03780522619741369,170,True
A1pbqdmgbO/qDANDSowQC0iHSlgjC7CktMdvOkHU1WI=,0x57b84242462a1ddfb9006369b96a60d85ec41fa29aa20b8f2902ce9ba22e3f54,SONEX,20506097,93.47445620420304,140,True
CFKotAGe0czMhAGy94iDJA4xQ48OLiKDZ9SfTsWvutE=,0xca3f26e1c876e821d2384a5cb699c6be494f9810301c2e2be49c232656262642,BaseSwap ,17353880,13.09304832878063,180,True
ZpLND65a7Iy7VJrIjdjCjrQzAFi4JaJpkYeg3DJlrsE=,0x91a4420e2fcc8311e97dad480f201a8ce221f2cd64c2de77280cbcc6ce193752,Layer3,17227739,37.96187693971901,180,True
Hkw3vi9Mx7OBvoKuyZ8MPOA5ZBX3Aj4wukrveVBmkh8=,0x41b2ae8a2ead458ff7c85549a9a11380353e1ae4b234666312d495326636f77a,Sushiswap,14372954,7.122999613431173,180,True
J0XRgzUEfqUaJG2eQgi+1n49zo66RSLI2qz/I8B6mVI=,0x9fb539aa3ddb63cda1c29b50fbeaa6071f290926ce10f3d224233577b823454e,UNO,13011340,6.200970732873e-06,180,True
4eG8e99ZsDuoWGE267Yjrg+ltV3AFw7p3wWJXmrJWKc=,0x6371518c95cfa543514e01a77d470c695fac36691cffa3a45e992b2c0cc6ba72,Avantis ,12892791,33.70247086182514,180,True
sw8ehEEk8y0FK2GSDVnFLz7M9erX6RSQdSAgGDmiwEs=,0x517eaa9c56951de89261f2d7830ea49aae92f2a903104a17d9c5c2edd4959806,LI.FI,12437874,36.506894792979374,180,True
R4eXUAwv/M942HnT5QyZz9Cfr+lEDzMyzUCWb0wYf6M=,0x00d5eaebec0fa6a41bbf5e29d347162dabc04dfffcd188663fc16393a5d9917a,The Box,12294901,0.5681417419653807,136,True
gShBUgODnfUHQo2svXnecUd6kG22drV+Og4nxdq/82k=,0x2c1d2ae68e4a718a04a41f1a9fde1ed0648602e08c150e3f72d3dc7ef22dd71a,GM,10279312,4.4019406569721635,131,True
nrBN5UU9cny2/KPrQFVI7k6AOnIRr7gYok3UIwdpq6c=,0x3ecbf66c1b21342b26acb0f7d4c6b8bbbef168ffafff3f425de3503fd8dfa535,Superfluid,8767161,4.526678041851313,180,True
ueRh3LL2YffBPsqDfxI6ExIt/wizJqXvQ2mDfaW+dxk=,0x869d601d2c5d78bcad37b589225632a9674c7bfbafeebf3c379ccc41265d6f33,SynStation,8147341,16.676054763950088,139,True
qORdAv/JC4no/SKjJY5GbK3FSmUyOyhSl0oXKsJ6B6g=,0x24ff0fb2933e55b169a80d9bd35a00a7011795387717b27445ccdc0f8660d740,OpenOcean,8108210,2.5860287272200777,180,True
bDxpkfd5t/ov2xAQJgRxa1+8NHWM85j0W90gc6Nls1c=,0xda8c593717693ef30f5c62fc2689709784324cfb9b5fe92c9db3a47f596791e5,Morpho ,7864757,11.105529387598551,180,True
ParVcJYkCyRk+qO7XPmDbVj5aSgt31G8nCisCdN9fBg=,0xd4f0252e6ac2408099cd40d213fb6f42e8fa129b446d6e8da55e673598ef14c0,Moonwell,7549369,4.825385385503285,180,True
EJUt2EJYkUW6syL+DvamNodWqwKtan54giN9q3uFecw=,0xe8833ceee8beb2b3fb0f7f2dcef576f6f9cf20e35d8e53324d71b0ed47b01982,SOCKET protocol,7359329,5.883001939244185,180,True
XLvkdswVcDHS98ET9dfOceXRGZFTzV/dYrPUB8DA2Bc=,0x96767e87a27cdb9798f40c3a6fd78e70da611afe53a5e45cbaafc50cae4ad0e7,Sonus Exchange,7308680,74.10898016524065,140,True
D/phNjIkMkuESYi0XbICo299wHOagQbo2WSAyODxDp0=,0x62e37e96aa6e1cbfb6bd24b97c4b8f1e12cc3fe35d5388d2f041c42a12b40745,Stargate Finance,7140111,3.0299176438517077,180,True
mEvrDRjUXToNsXd9iYHuzB+iQr1YbbvKBy2OBObD31E=,0xc66e357ad67e63954cd1eb79da4d507d8800518f06c82e423e93e8771e7b8d13,Brahma,7085613,0.3282903169882811,180,True
b0ma4f7o65FUNGRC2R4eb8Fo7DB6imYfqrM3S0JQ4tc=,0x70ba3cb2e433f1cd9ace8aea84c46d167ba5db12293cd108eaca068d06be3a71,Gains Network (gTrade),6951301,27.898295974897543,180,True
+scaewfadzhdFvLEjEeUT+8dLij4Cy6l7Y0AfHFExJA=,0x2bdfa034cf1e853db8ed4b30531270c7a62d66550cd23383819e816abb234f0a,Cash Convert,6797385,3.957669242264999e-06,37,True
LBZ3So29hoScSERqnHYzqxFE7rZjdEijT8kM/C/wc9A=,0x2ecedc3cad0a68d398020bf6d41167535fcaeb6d5bbf1602d6318f07e9c59af6,Untitled Bank,6177612,31.157409091723764,140,True
EYypPkFXU/+CU//RUQ9c1LLDXp+cxt1900KeelqP6/4=,0x250065e82e6a2fd0127f0f7c7e0df7eb305810bd9796f72aa28a0c7f2c71ae08,Relay Protocol,5844720,6.437060801614686,37,True
imahnjIpbGgSkNyqkOjhlczoUga8ECPoEpirrLs68jQ=,0xbcb5c437d5347be21add3972512679054416805274f80e85ab8053ae79340a69,Ionic Protocol,5538757,1.0559140639712783,180,True
WHFAB3T/+twwBk665nB9w6CsvlhsOEpfPMTT+AfOcmY=,0x7eb6ba7a1057659d04ec414446c1b32509bf57704958139266c7120903446ad6,Pinto Protocol,4888246,4.510836747505726,180,True
PVBeuln5NlfucQGWTItaFKwCrEdKtbqUHEq5VUdhVdo=,0x596292c1581406fc4cfba89bc8ed86e32c7ac85c6239d074df7b91fcbc53f4c8,SynFutures,4872125,5.798001649374591,34,True
Y+lbUDNcEuOLuGDBQlgJBzaD4xPpVvr8VIHea22gEa0=,0xbcc00e0075ebe6bad6e8afeeb533a0d22cfc9c2d3b1405c729804088986b8b9d,FREE $WLD,4868888,0.4367753486957416,150,True
inHPXAwcpnmNnzuMDBO9CsDuph+M4UNF3XwNNhTpafs=,0x72723e07fe409557489a6643b43d9493a94c10ba68230b0527f01834cb6a550f,Across Protocol,4709973,61.594747476724685,180,True
y3k6Rt51vfFOeCM/kbTF+KTmd1rv1z70eWqp2Xtv4rU=,0xc55fe3df4a2689935cc0a4b912e3f913de7a8c1c6758370550aaf25a949ec79c,Golden Otter,4434339,2.0068629979161e-05,108,True
g4qi9EqhPO1tGvlPtWynCaP71tw4Gjrzc+UokJDZz2Y=,0x18e7582de42dd9a7fd2cb69fb6566b8bcb3e86b936b229b0c5af78fa1de791a4,DackieSwap,4318308,0.9656220654250856,180,True
Ev7dKCphBYkf+NNT80NfBdyEIVWwBZc/1xctF4i+V2A=,0xfe8e35b3487bd0e0457b9431b12b73403ca1f5c9c19dd1db81a2317c97c1e1a2,Stoke Fire,4306676,19.241030380553575,180,True
WvG0+xCgbgk6IN8ZUd/VRBFLGPobR5t0TCxeWWyBrYQ=,0x8595f830f4d1716621d19bca6394f304837133fb473d8fcd1699e84402df1409,SwapBased,4300335,0.9763892701539832,180,True
sMEYAIHyC7RMbAjCcImJti3PrNJCoQPycDnIfVBvxiI=,0x482720e73e91229b5f7d5e2d80a54eb8a722309c26dba03355359788b18f4373,RubyScore,3936602,1.118406418969408,180,False
7o3rQns2QxmMIyr/Lp6EXIqBE9mvqX+1V6tQ8g1t/MM=,0x000c2ce4773defb3010a58d3800d0ec9d432189c574ba26d3103f1db44a5af6d,WOOFi,3641329,2.088923979104523,180,True
oUMq1P5vjujg1CCrO4GltqeXRWHeacMffrYInEvGp78=,0xe6aa409da818b166ea4d354534d92745f2153fca126c1c38de675d42c3c559fe,Mint.Rich,3603848,0.055255773348408234,178,True
AekDZYWAuMyLyKBtFnLtPSIyTjy0nlm85dMqtc6vvz8=,0x6318678f29da36a652cda174bf1cf5ed9bba753381c7b3b613b981803ba3d550,UniDerpFun,3335386,0.4169825107557778,48,True
iXR35Xnzm4ioS5d0Eka/UAnUN9CHj4iasG/B8CgiWP8=,0x7539f43dc91f9c406c83a06339708e4033cdbf630916c6dfb9de2b5ef811affd,Seamless Protocol,3334718,2.6633299227358336,180,True
1IGYrSAxKeomHN3KCFv1Z8VbCsfqFxLxeaCYOL/6LOY=,0x394cdf60010e890aeb52606b938e6ff6ef7a52b0b5a3e897daf0133bed243b14,Double or Nothing,3192752,0.35527096253515156,154,True
NdwYMf5FYV0V3mi7zOJ4ABpqc2klQTCimnNKCqvZ4z0=,0x491ffd3c2e4c25ab7fbdbefe0f5fc8dc2beee5ab801287b9c6c93c9c3c810463,SwapMode,3181872,0.008165752961434573,180,True
91qfxPoeZBT6hPZrVLYcaDcgwMNG5MDH77cGiTtBxyQ=,0x70624cd9a8be4ead96e5097025eb645b9848e2643e5025a4006dee2cff1a4138,WAGMI,3066122,1.3139878382316597,180,True
iHkkzr7r4TtJl1Pe3jRW6Le1xzeaou/GJe/x5F+VKcA=,0x5614d129eba060ce7d224e8e8f9f29aeddfdb572b0dd45edc81f18f5307bc01a,Send,2598050,0.05999030576025573,180,True
zdNq7Cvjqx03oRiL22rCANVA7/8MBGaoc3InNwm3LCA=,0xb620f012eb197e5661f65c1a5aee6a4bbb43629f0056879ae4dc66adf8383ae3,ORB,2548576,0.0009705331569010869,180,True
H1pIjfqCT8xzlHMlaFHPzR6b0EldhZTnCHqhnYGVLIY=,0x5962ef9e4955bc4cd4c6ed080c55879be9ee2dddb1b7cd37d72182a142dc9eab,Arkada,2451274,3.6253025509012113,125,True
JbP9BR4xjNu+yvhnSQkWqjlTW33drd+NLR8HY0uie84=,0xe5c133e05956a3939b9a78f4ad5d0a897a027da60a7d5e1b6276a2266211f69f,BMX,2352884,1.6884903921106267,180,True
wzX0MzHFlylzzHVBLRO8ZX30RYXbg4h3K8XwNrRmJos=,0x0b8acaf73a25ba1f64bf829f9678beb8b7edf825353ebea38085590d78d74d5d,Tokiemon,2348621,2.8261971242223205,180,True
a71tbYAPlOpIwh4+Y591PqZ/kYIbS4qRRpQ8WH2w4oM=,0x3526b9c6fdc34076d7d2c31893b94e760f4d5a010387b6b76b45f8b5577ceb98,Gyroscope,2138921,0.00043485193634133,180,True
RwTF+Ure0P/OZd3Tq05ZqBM/QrVh0ViJBuqRDH/f1qo=,0x0b06e685eab9c4fee7d93ca54e1c02281e2be560bfc54f43fa738961fa2ce4c1,Coop Records,2126268,0.5833559195048291,180,True
mdb4FjuCCmOI5Tc+xwDeXfQd/1Nm2o7JZy8ZHzlxC9o=,0x259b729af86ba38c0c84be9b739dfbca109a6df985371d8cabd43116d18d7a1a,Flaunch,2092425,0.5970871609485364,123,True
2NhWIeNvC8fOFWoX3/SsLCHtwifSk3TYSEagnfFthIk=,0xb26d9315cec30e60b52efd523c25a260c41d573458b246e60cf2de76eefd15a4,MintSwap Finance,2016556,65.0672802599106,180,True
kzVtJyjzFHc1PHeVOLOQBylRu9CEXQs0ViUbfhERY70=,0xf9513b5bfca3be3513450bd56b48ae485ce157aa56c1d8b2e06a68bce0b8d084,LeverageX by Javsphere,1971448,10.404776570814562,178,True
BXpAWjeSIrRWSlHT561SHU4JKO3BHpomlfoXzuQvE0o=,0xd17c16ed0ff3c31ae81ae9af4070a2150db0be538cabcb720c67cc5f221d3965,World Billboard,1914532,5.0923145231640015e-06,119,True
x91Urxvh3gomZ6NPe6Ze1RC30INtlzy4nlOwvxwRQnw=,0xfd9f98de666c5b0a5ce96d4a4b8d4ceee9f8c2156734d57bf6c23d0cff183e90,Kim Exchange,1904621,0.026105514794436107,180,True
vjoXOz73a3rwq13dz8X/yzt/y+Jfw2YfZry75TcLI98=,0x7d5bcf0b123ca5611f1bb0c889816753cc215b0a230849c8464c6c2a08c4eddc,FLAG!,1819570,2.9625125284300002e-06,23,True
HWseNMpaGXySSUevj2VVHOyjIcwPrWDZaV1BEkOzPQg=,0xa09305aa57a60e362b11911666f6310f46c959ead9116333d2e7ca91aee180bf,Super Account,1736626,0.00030020296905055704,179,True
vCa+wBp0799NJ8j9L6UgKxKmqiLT95Zk/aQX/hXty7c=,0x0ee3defac0e2a31b995bc073ac02a2140aaf01679e141eb8d1d80409f75f90ea,Mint Club,1682297,4.717064783015351,180,True
1Ll7MLXCxNJFxQCuBEdRnRVk164keWjynVtQJF++xGU=,0x512f97f1de28ad530f752d53bf4f56ed16d34a3121f0512cd5a0485c2074b312,Extra Finance,1635896,13.989642230363295,180,True
FT3wZj26UAebMH4ywu7oQvrie1GQSmu9aogl40bsCWQ=,0x0008577196fa6ec286440b418e2f6305fc10e62ce759625d826be272ee6b45a3,CreateX,1567429,12.887056087270455,180,True
edbFCQ+C2Yy+SLUZF7vFzbuN8Dlhn2Q7J7tpdJItdt4=,0x61438e534ef14ce82cde9a10e36272e51cb56709b996e096157821948a705856,Plaza Finance,1511290,0.9003856443449648,85,True
ONJwFn5FHsNuKbZfDmLS50KDg+ZeBrjAiQB3ogL2o5s=,0x8fbddc02ddbc9c9b303b7bbb645aa933541876a31a93d7dea165fb0283d7f685,Holdstation Wallet,1505570,0.014564698184481585,47,True
tEUQBjhYBdWaLRVt375K9avn6ysFWbvqZz85jmaPR2w=,0xf24315614063278ba3543e1717791132a9afa79b0e65baa01a85bcccbdfa215f,deBridge,1439746,16.951054807769783,180,True
Vbt0Je/QVMzwz2kXjZhu4hCHrfa5JmL17azwgy9pDRY=,0xc938557155993da8f33857e52d7deb04421d1bb341fc24216563aae64fe32d36,BSX,1313003,11.147491142205144,180,True
ssplwpW4uSwgTCV/cZUnZVe7BBNPWuCbjdA9KXszUAA=,0xc55da0ccb43d29814ac5ac3e1eacb85a5008a30df7fff6c34c45684c89ad5f11,O＝C＝O,1303543,1.1565038749148003e-05,50,True
1pDkXILKn4NmPf9TA6r4kxfl559+aou5WbcHk6IOz+0=,0xb063c84db05563f1acdf02574561086ac93eeb60a137d3ff47b3277da3a4399d,PopCraft,1254811,76.96409714898152,57,True
4dqHjI/pEtyPjvZVF5KMQ2gz2K9ah7yeFGwbfXSpRxA=,0x1f60db63651f74e2fc8b3ff900d05142552a763c31caf3a8c8e62b0953f02bf2,SuperVol,1236231,1.608820107217204,140,True
1TLTRUof21yQ9U4hpzbBFOxsAYwtkoq1KsBpe3xQgtk=,0xc3a50c1784f3ac4fc8ae72d07cf0bfcf933e3d23ffb5a3ab46263182a098e617,remx.xyz,1182873,0.021864413943769263,180,True
23XIt7EgzQNc2AdcEzTg7GbjT5kKY1lNFfmcGQvrkWA=,0xefaeef1446de875ab6e50d31c8dbe776f99d884cb8cb68d50b1384067e4aeb6b,Synapse Protocol,1158512,28.539347353801315,180,True
/Hxq4RTbKkeetoxVgusMQJX3vx6CFQQU8oZccJFAvmg=,0xeecfa614f020c2ea4c2eb431246befedf35ddc6c52cfaa83d0c4caf2f580f9f4,doginme memecoin,1118316,0.5402984290794854,180,True
xIbbe0c5UuvK+FcT9NA6+83THJRxj1w9FnFI1PaYAGo=,0x82edc3ac2a03da21c5a6033159ba8e97aab2f61dc5d1d9813929fea6d6c35362,Superform,1103907,3.523959002679632,180,True
mJ8HpBumrV08sD+uCnw4RzSnZ4GFmxhbuVqyZgSy1s4=,0x7f0e98c70d1401fb100dc804f28743bb567a2fee12315f52300113df514b7bd3,SuperBoring,1047694,0.08568515430061527,180,True
lWJtSU1/x0pxa2x/PDlxUrIjG951wWu6c2WXiUCUKO4=,0xd3d00c946f62ac8cf49a85e3ab7d295d3b56f68d0b9f1fa4d595742fa372cf78,Compound Finance,944701,0.5526454636748679,180,True
mhxWxydhNFmIpTtHIvHRZ6Zg6ZrSC2uQhAgTJnu6CB0=,0x469f813ce1b0c64293d1f884363808f076d27abc8c6060bd3abe46bedd0d7982,Neptune Finance,916259,0.20494587854740048,170,True
Z+CzwCk+hEU6w5h9+AuRi76L3rlOtKJe5mTt56CK/D4=,0xe329147afe5f04d45a1ba005819ef75b36136576aff042b0714ba793f0727938,Poopzter,905835,0.18580872625994008,62,True
d/YGjoHk6/1Ayg9Sl0XCDdSe1ZrGI/ITdqFdI41vEHI=,0x0c327d5f07a0abc24d646de807a9768619a34ba5277b24fc935b1edf57fa6244,dHEDGE,876369,2.1472947914309546,180,True
xyqCuzyp2siN+L8QgwpvSjTruF2y+tvB++HwqdWDFXY=,0xa1f96576ad998e804140caccd478bae81b8b1059a107166df87b59fbf42c9e4a,OnChainGM,864083,2.6905783386562363,121,True
Js09gjzwO4g6aeV2Fb+ZNlHypJc4DlUozk3enNLotIc=,0xcbfdcf8f724d73504d1518d5ecd7d7256b12d37e68cd84569b383bfb6e2eeea4,Dmail Network,851543,1.160371144554886,180,True
g1pi0NuLcPtSAjpxGRMTIM2ZRs5y6h3IpcW0PRKvSQo=,0xfc54b4a9c537be25238cba3f05100b733aeee83a3eb3fdae60d651b3b913390c,Multicaller,812405,0.018523750207576732,180,True
sZQ3Kp1sgCPf39oJ1DWrfCgdlSzbnWJ7rflGyJ7sECQ=,0xb6266f3d955040aa7583f2f346db87abe0649f545389af3cc8fe302aacfc850b,Splits,802456,0.07584155026315476,180,True
x9MZObEzydNAk1HPdRO8azvLIkNL0gAIgOIvKthPIbs=,0x808b31862cec6dccf3894bb0e76ce4ca298e4c2820e2ccbf4816da740463b220,Fractal Visions,781776,7.686594830992241,180,True
0eM1b8HKnTMw5hgzgPw3l3m4A4wwTQd/0e1rFWNPz8o=,0xd54e1032bf16d649f8f8f0a7da42a249966ad4a270b4c17b24ded1e32c97b2bf,NFTs2Me,772148,0.8082561983763737,180,True
uGKJjxqU1P4SqOUIWFhXsVH7KDV8ZtGpXz8K3hPHMmc=,0xab1ddf597f6539acc5ad601c2a6d2899c0475cfd9cc3b837939b1084ba5d7a36,Reserve Protocol,766363,0.19283307401967956,180,True
u38XduipVR3L+BAGZ6k4tN4efhqF4F08LlUsn93+ftA=,0x33f99467bb08ce97fc0829a766e06555c7a7c6870db71a13d82241ecd186406a,Dark Forest MUD,717739,12.152090545434087,25,True
Ze2CblnBaz2Apm6a00KjwAZ7N4K5yxDUpXlK+mDkwJw=,0xa88844cea135382e3484e39c3172033437121b35ca0bc8b10b9b8253984876b5,Ethereum Attestation Service (EAS),711268,0.5155743364042327,180,True
5pKMLWfNkmCqGNkDWMXHeyYR+9Uc3EOVJRd+EG+ULsc=,0x38c38455bb0fd71d2929fcf799279569ab5f5c5d3e1f92f8642ce87aa25accdf,Decent.xyz,699174,0.6081449501675703,180,True
H0Wcz4f5bYNrMNDSdwJt/pRqNRK2olM1vl2qk15M+4o=,0x4eaa0df4cfbda85126db57a231598d33c283b8aacf3a441539877ce7e17be22a,daos.world,666680,1.1177230023171494,164,True
2BzaScISmgDNRXvBgWNUo2ZKEFlNQkQA8fF2BBMicbI=,0x97553b3e60fedc3d6e888c26132dfd49b6bc0174fc4546966215e1be3224d0de,Warpslot,600074,0.09703584347257674,92,True
cvWrXXY+pXjcSb88iLMoVR+Po8pw9WkB4U9STSkj4s4=,0x31704fee34d3edec158b5df714b613642bfbbb58ad7466204ded66a3f811b979,Superchain Safe,582451,0.1979220177123788,180,True
JTetyUvTgu3P3fKekPJHOjCG1Uuv2TfuDHm9hjADzPM=,0x149bc5c396fd3dccac39c92164bb6b8bccc4d215321b58e241af07a76616e031,Hop Protocol,564855,0.07857741067099341,180,True
wBCRJMqM8KTnoqC0KsyDhf/hW7HF0wFgU9+ZacWz66E=,0x692340d3ec51f53411126f8247003e2b87b113cfdf4a322b4e38d6bbe5822c5f,MemeWallet,542788,0.0010718474982208729,180,True
W1buONYzAaasQXcnXhKYt0pkwGkvNjW/TShvTtt216w=,0x99320dc98c211eb9f1e1d9106d376029075d9d75d1293a40135b3c05d83d779d,AlfaFrens,512009,0.0216074153334136,180,True
r3lF/NNRd0zzZXI+9kT2/r0rohb1fra20npNdnPi/ys=,0x9c691ba3012549259099205cc1a7ca4d09d9b7a24a1b7b821b52c7bf1c9b89f4,Origin Protocol,476889,0.03221511830694852,180,True
gw1/n9hvDoPA0W0U9NMZ74RsNSQViz+i6ArfdDqPn8E=,0x3d009f8f7c1e8a3bcbc81ca8ed60d2e86b956dd0fa68c4595f851be37052a2b5,Guild.xyz,444966,1.5725665914545792,180,True
VTFjeAN76kGnqTqKP+SMe2HPaIKY3wKvwo613l6OWN0=,0x098fca4a62159ddfc2c45dc2931a727d56f039b8f68e31222b927aaf2ce75b9e,pods.media,414554,10.55228515620474,180,True
X30BRAbm4o4Swjol4hxUXxDBv/5MWhZC3u56APuS24E=,0x7e7d21d6fd33a544b7d1dc853239b1af732c778d16dbf0e2e059f5f34b1c1bfe,Uman,402120,0.0008765047630506487,78,True
JvriFQ0NlFxB3+GIDPJQShc9f52TRc/cmOcLdzUPgL4=,0xffffeb1d3576c1e847701c225975ee1a10259e05366b477e98fea7a47c5e5896,Rainbow (Rainbow Router),393890,3.519089366053755,180,True
5JISU2Dd3upAAQxpI6eEKNuI/pWdKGu5Z36klLtZvXc=,0xdc28e29764ca79368f426f106458f2c427392e32d088b04f4c372ab51b25d2cf,Meson Finance,389715,0.19828539284426974,180,True
iIMEOuxGnuaO43gAf8QE1TzOYCV17wclaM9WDTjGGgM=,0xf6d85abeac025b1e33f6ae3402557762e65cc437d0a3d03673d71a4d1236f8f4,Robots.Farm,374799,0.3628880473647081,180,True
gUFAlmQjlPwJ47EfIYcW8OScZ5iHFZBD/TE4Mhx9WQc=,0x850df51e29f2846a5f085d88e6b6fc13fad51ad7161f8a825ed09d470668161a,Party.app + Party Protocol,352354,0.5539771027626691,180,True
rtMYz8X1qeE2/EHigBocz0yZ/lI1mvRmfq6UO5gFP44=,0x12721a0927c5d0598380e718e69c7f3395cc7b8847da42ac384af9c59efd025d,AION,352260,0.21718795732252874,75,True
8KoGcAjv//eKoINV7i7nOfZwp7lSOd8rO+wr18AGDOQ=,0x558ad0914eaf21a4965b2e4b7fef4cd66ef9d5bb861c5c42f4795a9e4614df71,Chonks,330333,22.313744189880598,178,True
FfXoEN2YNayzuwjlJN2xtQWdP5War/J/3WLgkc8sX6s=,0xd7a8e115b2b3772d7d5656d7798e349dcdedf2463302c78528c9e9686ab4efe3,OmniHub,316139,3.9968389978632985,180,True
xOZNIZHXWrA+JWBmcsHybyHDy0WZy/gOyw1VaqAupG0=,0xff1edf67227651293a9cff4dce3577c6ca52bf8c7c6f5f133f07b05255379b27,Kelp,315726,0.0028888460999481154,180,True
qO+y8hRsX3tldK/OfxcIM32VfjrVKWIQyDEhLTZpx44=,0xb1ee13dc3a4f1db5840d4852e7c81977fcd14d7b423f3ed15407bbf13d1a3986,HumanFi,301617,4.581378546e-09,43,True
tNMRTBWFR6HSGsGvJP2Fn8N3ME3kj3QPr1q+ar/CiX4=,0x43c0bbbedc1c04715c3fb34b9387a0779a0d43092c716c29949e7099429eccdb,Pixotchi,257250,0.24396987323032504,180,True
wzDzFJbIeW6/ftFmRW5sh2H9aIcywVmvH4DARjpRnio=,0xcc230da6ee8cbcc2d4039a526fbc8aa910d63201e350be2fae0cab9864194974,Bunni.xyz,247452,0.03326625680421464,34,True
m4GC7BLK8Vd+axaZjQ2B5bJv89yz2hHo49qylNxHxg0=,0x42bdd05fa3beb0b21780bbd35b34eefc3e69e45bc4f17043f6eb6b2bbed26237,Superhero,232876,3.3868734859540005e-06,49,True
fmFqLtFVrR1bA9bONSlNrblHhlZFJg9LXJMS+r2bX6Q=,0x40cda7edf27894d647d9433ded29290966f5c258dade2c3ea36427fccf0ef3c9,Veil Cash,232763,0.17253998710692062,151,True
OVIxgHj4N8zf/sBSYEBssZf0Nyz6mCaIEJa0exm7PoM=,0x7974baaeef5e3af2e165a0911471ccddcb47d8ca74438558a89abb515aa64275,Krystal,231193,2.850274318213603,180,True
57FvWwsyNX2cCoYXRlrD084qD9kG/nh1tYNWPswNSs0=,0x4d71401a0dbd9b3dd890fbc70baaf872d16db80af149e20f7ef1805fc94f6df6,Router Protocol,230991,1.052487773904532,180,True
4DglYYJvphwugrWREKB5QznaNI0MyvL3ODblPexUIcw=,0xdf3eb6b429b2150c71241de0c591b18c98a3528ad0e8d838d069b6fff291d803,CreateMyToken,208424,0.3324707679598486,180,True
e6I2+1rp9CQEllp7J5e7AjvFldT8YglXyXRjF+Qm7z4=,0xb54051a79d3b97ba30bf6ee4f775ea606bf21197a990af8be90f88dac22ea555,Squadletics,205816,0.0005754611581299111,129,True
2d1UftVv4xC+BHialsxoPjC1WJDySvOpnH9o+3sQFYc=,0x85bef37b528ec9d7e1a9cb864e298e3c117071507acd3f522c28561435d167f5,rhinofi,203198,0.23577292611507664,180,True
GPNqeCFOD16RolqyixQLDoypffUpMRY7a0U9F611D4c=,0xf9af65e8afbd0fd21802bca92c9d0d6201a8b1d114d5c9170fea7e914fd2b392,Drop Wallet,200856,0.0006932777748801459,23,True
rnCU69afAeJVsln1gXM1Pt6cMqD09FFS5C8Q38NWifM=,0x120cdd8e43ae1efbafdf02eda876e1952c05a52870c8d5a8f56d9ec0f79f586d,Passport XYZ | Gitcoin Passport,199954,0.398184835468427,180,True
EWGl5CyDKCdw2krkHJwc8V1FoELaCSXGUis9SHr2+fs=,0xd765664dd27255f1ba341fbb3375439a57fb6a92313df2f7af7856233f415ed7,Linkdrop,198286,0.37507877359432124,180,True
lRCVGOtHuZv3FlsKZQ/VwhC1NERgrSYVPYW8sSVpfLw=,0xda59222ef8b1cd429ad08e9d1ca90f38988834e74cf3439a780428b85e4788bd,Fit Club,194430,0.09937028778021849,180,True
FtR3yU/WmvB77sgIAosTTO8ZpYKa4lUQU9iXu5XQjWI=,0xe2ef3fbfd10df401a0221939359e96af29805db8936c1199ae7532262c69ec5f,The Button,186578,0.0005745639136135411,124,True
FfxHG1h+bCSAcmjqHwxG61O12Y/AkGgaMPRu584e6zU=,0x79fa54d6c030c7803827e96933fc93b092f638079c738d13a27a08b3905b95ec,Smol,185281,9.949428778612146,180,True
e7NR3DdFT5m8CtDrs9k/YLjjeSX0S2wpwzbyMuZN2AM=,0x08447636de20816960f0427a65677df5571d503f09235b2bec37f7dd5c28161d,Credit,183960,0.001589936878512964,37,True
7EueslOSAcOTAgLquDFENtOlSVcp6+Ti4F4AJDjHiBg=,0xc8ce0bfc7cd141c57a816cce213471208a1f6136c7aed5282c2c41b434006518,Bedrock on Optimism Superchain,183652,0.005526181582692235,180,True
XfpYvFk/xJ0pvTt79xWtRwuMnekQrcIH2Mflz97Lo3E=,0x2a2d2dbfa03619094fbeb6474776f2f3b5f6be443c8576abc6f3caa2c18dc45e,Morkie,182500,0.1527355177670481,176,True
0IoaqfH0mkl61jIvWC/JWobbYPP2gn9rTTSuF2/Ydew=,0xafca3591b83586f14e21b397135b95af668f5ebb54cb45053af44a73df7d7640,Layerswap,164358,0.08421400931997423,180,True
D9n+rXQGt9BVQ/3Ta/BbgMaWPiAH0K+6s+mPnoVHH6E=,0xf87906563da69538c969ba438f127ce5f2196e76c84c9026ab6dafc4280b6be3,PHI,164254,0.8026622512261038,180,True
nckCvGKDs0P9bf7kRCdh2afi3oujVYloGf/8XipTY5M=,0x0d72f0fd9ca1d475f2fc199ebe456f80212d24d02d9dbabca6137442e61c5f3f,Infected,161209,18.835758811950285,97,True
u4P3wjawfNUxPEqdDc6q9H/PutT20/+kNiMDjfl0grw=,0x76596da0afbf2980ce80e6238c974495fbe52f5c29ec38893dcfdacd5378eaa3,DAOBase,157582,1.4143920861962422,180,True
Ns7AhySNrng9D+BW5HGcvHMspijwoY5cdPTLb3XEpyU=,0xb23f12d6f2b8bc60e72710053d823163208ba7169565613e034423b09aaeafce,Shredding Sassy & SHAKA,156431,0.01791857989117574,179,True
T3o8BppT9GzjMU1hiCkUnfwloGm9+uGLqo8/hmUoWv4=,0x47047238c33fb3f16f4e93d5b9844c06a64525c8a483538dc72085c0df4495e8,Symbiosis,149634,0.08037538801910776,34,True
yHC4i4mkg5sXaXOF4Mih0UyHDYVS7+0+9zuqnDFvClY=,0x8f7edabd00cd8a9bc0065eec465bd3d97ebe3f4632c8d3d52b336a9bc1d8fb3a,SuperSwap,144536,1.3856065426790418,149,True
BEkbRLz/Rp75CJNTMJimkfRGetsCwvR87jC8KBemv80=,0xef71b036123a72aa9aa64afb1263751bdfc7e7e4e63ec658c323136dc3a88d37,GMonchain,137207,0.062175234124603816,34,True
g2gW16kX/8gl4n71esfphgWmt4r2COs4Bc9cGM9025Q=,0x7262ed9c020b3b41ac7ba405aab4ff37575f8b6f975ebed2e65554a08419f8f4,Sablier,132113,1.4486999057096488,180,True
l5D8eaAKqeJb+R8Q94GmrcZiPuwEgmZjQK8GKQiIYDk=,0x867b0364ac86ff4cc61a47ee99a0f96c8b952af8728442a048f7e3ac5892aae9,Gaslite Drop,131561,5.330337624192204,176,True
aWuNB+5mklnapGsyBMh4Igpdl8e6JeGAFQW0cp1KN14=,0xc0901c8f9503f0bf91a1cca0c6c90e55af8719cc2237fb4a0bf0770b307cbd11,Basepaint,130566,0.15640921112391046,180,True
Rfo5GCgPfxv8mAjJ09WxZZ5ZhlXm5XaUEcDBackrAk8=,0x512e27ae7e194a31bbde426c25d78b5d43916192674d71a0c4deeea1c622f166,motoDEX,130025,0.004756939489874177,58,True
qpgChJsGqtFnDQQU8CdZ8Ab5N/OjV4xdwEw5irdZl4A=,0xdba6f6be6f7cddd6b7f291292ab4179ad4dbe92fc8a85612f76dc67fc480a8a9,LasMeta,125353,1.3446765777619054,100,True
/wbjFSXyfvjwqbgPRBrFXVa9wokqkWf+v5iWLRqyfMo=,0xc8a6f84677aca1ce288713e63616048e307d4c2d50aa76d65bc46e4c75aa3d53,Flat Money,117686,0.06735440703941126,180,True
RpqNGjYQMqF5P/s1gl0fiuJlQg1yzYe/dq4qdwIDQI0=,0xbd0a2132830ab98440f052dd378cfad9cc3133bd0fa226fd485da2540179b458,Rubic,115011,2.21091776768523,180,True
cAaBVZiIeQZu4fS3TLKB2SgqPCHj7MtzVq27nQZkmS8=,0x02065e72fe4eebfa1ebca19238e6147c8571c2b7fefae4e86e62ce768edceeb9,Exa App,107832,0.8203200096651059,180,True
i7+GWX1oIywd4Pd5yL9aZAFhBIjY40c48Yg4BXFKW9o=,0x8efcf1b6e879bb6ec89d5982b8da840757053731b8972c4a07a6ce9b6ffcfc89,Blueshift.fi,96770,0.029797726653257497,175,True
/2hjsm9xH1NvgIs/dHx5VOVM4ml/C6hfQu97wBgdpfo=,0xd35cc78b456bf11d4acc96d2c227b29fa4115ad9d93ae211a31974a408ed8303,Diffuse Data Feeds,96768,0.014207942742519386,76,True
uAWTL5naoNXYNpp7weim8ypopqmN4+H9fO7/1wOjpeA=,0x800707befd6c94e7cea794200a6fee1155e54ca94bc10ee85d15c3f23845b10c,Ethereum Follow Protocol,91286,0.12747957581662345,180,True
skDPKeyDWR3XcKKNuFPI/Ef65tIZxbNSiGZcZo376jQ=,0x6fc25d7c763441933c53333f0f9105b37cc74d88f21ef61b3b7eaf94cba45bfb,Amped Finance,87927,0.0602141902255552,97,True
J+H8yGkJAwk/Lwtxsy52XVGE6GlGsO1I2D6ZRH7Cm+k=,0xcae812d91b7b86edf3141f44f006e8a03931ebc489e0a417b82b603bf325bc96,World NFT,86823,6.67741935384e-07,33,True
f9XY1drAwGvq0ipsMBC3S+hi/BnAOW9s7YSx7LA0qq8=,0x1d3ec77661554ddaeab18519930b218ba5185016a0e770ce4664a831a1eef7f4,Larry,84006,0.42535896809868357,175,True
Lgm8mST2VJg3Qtcvrd3ChAbGOEorxtFzO+k9eyJMgzA=,0xe13ef8130233ba5feca029110f3abf30cb33f7efe2d915ba7e536200b67fe0bf,Glo Dollar,77919,0.003298306592795741,180,True
HtK4/wMdFWijkD9iSMIkktA/JnCpVTLJzMWUq50GA04=,0xf1401bad81c33bef010ea7bc1724e361365da347d446f7ac01fd49c24ef70def,Human Tap,75770,0.002127999360676304,32,True
X6uKsuT8UV+j3gKV2WzBwPDTYt8fVFQsLDj1m5/Da7A=,0xf7669f10edbb4ca465f6a6b5ec7e90521a0011e8b3233c43e3cd0dd22633d67f,Human ID,75617,0.27869281570944165,180,True
AZ2Cqzo/nAUqbj7th1e993Xfpf7qvT2WvHlomSZQ78o=,0xa2a580dae44336df1cbcb7a5303880f393068fb96116e10e180e10f5745dccd4,fxhash / $fxh,71934,0.04463827057211284,180,True
QBrlp+E91cT36hpVMSrvg23jt2IPC+AkUnMHFdHU8SQ=,0x9d4b7018b3a7c6010c5035ef99c485f960e6705ac0e99b4d832b2e748490f089,Orbiter,67685,0.0919589357728182,64,True
jmjaWmM3ZCVtbVVtXskIpz5GwfadqjymebMIT5UCPHE=,0xaf0b91c11966164d5b8e3cf02f082b19479c5f3faca1108ca1e2aec1e1177d06,Rolu,63987,0.2441788695243424,66,True
Dwv2t7B38P/jxPI0rp7rHP/YJuPLGFhxYCHQvskQ6Ho=,0xa2447abd4724c68eff8635f01a39a46bd00a2380a56513fbcd430653cfd74c98,ZNS,62581,2.647260026372136,176,True
7Iv5H47guOZI+q3EgByroFWR0Dw7uoImhWPboCDC0FQ=,0x182f5a5c04ccdc4739ee9f362af72d7a0f55d6b410cc9dc2b52dc7f99f06f3f9,far.quest - Farcaster Super App,51798,0.14726746077374986,180,True
h5xu6Hbm8HnEDF0JwocW5gh0pAt2OKRS0yK8HCkBjsY=,0x6f550434232889366a40b5a6046615cdd444528db6fbe1f8186411f2f6ed676e,Charged Particles - Web3 Packs,49047,0.03853525695244013,167,True
46oGoJxfh3hgKRcdb1vV4roA6oGVgyRXbycfPk/Q5x8=,0xe6371e0b190ff5db00617519599cbbafe719db0386e42a0af106b8c7f9161b63,NERZO,48854,0.0229950654616639,179,True
U+8BPKrK6j10zOy/OaelXzf16agGOaHKyf2N1g0e+BY=,0xc18c18bdc097d4c9158f37be7cac00b77b6abccbde70123954c31d07e1631d3d,Jamit,48196,0.13626337050975673,168,True
hSUAWNh7jdMR5J2GGAWBBZ52xM4FlCbKv71kSx4hqY4=,0x50b442d0244a351acff81a3efa0824983cb4488118af2462488c3376e72ad898,Arrows,47152,0.17972102433244883,67,True
w5IsGVcdo+bpiRrYuOuxPpNKmmWP+fKCDDRKWF0fuMY=,0x2e0e80846b4d52b126f3c9a20a01876bbcb80de67befe916870c5d8736af6c2a,Builder Score,46876,0.10166438774536424,178,True
gsdS6IBEk8Q9DoxMTexanVBfgLI1UzAPsWaZh21PZBg=,0x0e5d90c5b5b75851d02f8286e78ed3b7af85d6920ca92a0f73cdc268fff185c0,Moshicam,45613,0.050033967044207435,160,True
GUim2XveZhjh9BqT8XLOSXQhnOsdjQ4dzzBhJ8jMBS8=,0x019ccd1a7cafff57a05d1dc463ad4acd4d138ad4f7c74675e205dfcda2498053,Flight to Zora Planet,43510,0.00659597409588678,34,True
VuCrFAWDzI1K7USE+kh9ECxcEa/iG9eVHG6EMS/8iS4=,0x6435c8574014275b1d554a3ab9dd85f775fa3563258ce855d6aeb07e7918f6e5,Hypersub,38720,0.18088596123452955,180,True
WCwKOQkL47c1qQ2wVcJ1IcpLMGIXmFHflr4UVQsagVM=,0x513265758a3804184b6a0771d99c1a4b04d3267bacd4b914e89ff991de229f6a,Create2Deployer,36729,0.0430508500614408,180,True
dxRQV/bqzFb4XMHere9Gwm/qK6c11ptMeFRoTDmmxWU=,0x68f3271c77c9fd815707cefabcccb85457cfc820b65785d29356419243919365,Kropot - Where Rewards Get Real,36011,6.0493685183707e-05,121,True
iNNzyDb1b6aPQ291ha6SmzQdeiZctC/fFM3CohvMmXI=,0xdce84cb69d195ad28d7dcf878c7b43b284b7f5c2d2df5c0bc0f1e6d486bad786,JOOCE,32028,0.1995744470513427,139,True
wXNHytnTdLtuJcPtRtlqIPJ9WtnN6qAM3GH/t0Uiuh4=,0x928dcd931ff2bc44a5d3b15c500adfbf8d3e3a89e4936823e0b3f053c38f978c,Hedgey,30457,0.0816863287780598,180,True
sf0AvWU1WZLtC4wh/FDYTRU3hyXTux1NqPmabzUABnc=,0x15b210abdc6acfd99e60255792b2b78714f4e8c92c4c5e91b898d48d046212a4,MiniBridge,30358,0.04174115650229079,180,True
r2C1aB+nT7eXh/qxfw9QhIG1dEwtGvrWffyk6XE9Vs0=,0x63d14cd07db0f56a91cb2f8972a29a225d24ea739034597f7c3e22f53817f7a8,Unimon,28757,0.005325169134866912,60,True
db8LWE2icLZuD0o0yjqQoxT4+oXvlmHMVT4O2TqKJCo=,0x79159d9bd4981ce68651fb4d585fd5827215309e503f46209adb0ec438f71b30,Slice,27545,3.268378795109401,178,True
oQ+kC6OZxylQhBgwXJ3FajO387awNVvhSNUt37E3U1c=,0x670140099063200aa424366d77f43b2ef5ff2b715189f412d76846ba0abf2058,Liberoverse,26525,0.06806383950529149,180,True
j2fVNyKANaIPQureuy1bBvztLJHX0y9nPsunU7Q/AGM=,0x5decc7c7bb5ac6448be3408fd18e5c75738725d739711985e2c55026d2fa1391,DeVouch powered by Giveth,25508,0.002832330054598657,180,True
PFJmiubbExbg6sRzgdRKq3zqAinLXkHBOGcWKYydyaU=,0xe434930e189c807b137ff0d8e2fa6a95eaa57dde574143a02ca0d7fb31a40bea,Giveth,24014,0.0010499878136924574,180,True
HuaIZKL+FKm3iuvCVaDrU3E47fVZBXlweRj5SQQRx+Q=,0xccd4cb370389d0d1a04e436a7babd12649591457b587734fe67dc6264b7feeae,Size Credit,23695,0.07470008058114505,170,True
Hf5HVMhZt8kGuXa6zcd5LX+NAdLEqPDbqUxut38LuBI=,0x4f9ef6f8a732858918de5e9e53a4a5a344aecbe62562946a3078d507d1d15cc0,40acres.finance,22470,0.2318435902037511,145,True
czTdwJ5nrZ1xsFZzt3rDTdlXJpBKy/etPG0rzNITi6M=,0xa9251c0d6979f5bb40a5ea73d7c0da678740905895cca1298fe2afff5014ef98,Based Bits,18738,0.035262614377222015,180,True
CLooyJmWtPF9yQUB4BsGdmBM/qHmQIddyhAY91j/lkI=,0xe11a4f107e474ae204a45e4f674f6d422f2230c9675f9ebfba1eb2af217c2d1b,Eat The Pie,18660,0.00020151109197530194,159,True
zpXh+xI4A77C9Y/ortXA0jU/33Zj+QztUOpW3hJ+w8A=,0xe20f59eb1c8f9cb72e07b8d0f067bac997614fd6db06d8c031c5c9235f760dcc,L2Pass,17886,0.01620881138405901,180,True
Peg1TbQF7DkRiJx5Kb1lOlbwr9lRiotJWzh5acZ06Z8=,0xdc8c675a16e135a3518852b240cde44e9105622473623bf86725a9abb8d18847,Get Mint,17513,0.0671010297948274,179,True
hD0YqnPkTkll8Q5jDDldaT6hXIYPwjtTsnR2B5cF6Dw=,0xf8e1a0a465eb42239f0c15651c658cd25e922880a3b5714949804034c57ace41,Womex,16737,0.05954333749234175,179,True
shVzoDEk43o/o3eLSpahwHfj/tn5zrcHqS8SYUzufrA=,0x17192aa9ad034d44d99abdcea664c21532e69f865eb7824d10db09e94e7418da,HAMsters,16720,0.11842906493662515,155,True
DtVwXJWrTCoDOBvAKGPNBzletnkkJ6IkO3Zub87ZmnM=,0x1f027e2e48331068f44b7f550ca4a111849adc6586ac868f0d2c3e419a787277,Cares Coin,16561,0.03576090351188352,86,True
Qh14iOZBPtSPGbuqtJ8wIL11rSdu0gBx6RvzUt9V9sI=,0x913ca97cfc8b587734059e4df9cc6de28ef590727e13e1b30ae9a57bea881731,April Token,16321,0.0026607100302561268,114,True
jB/Odn2EzRAIVyyhY7eTBdOtrWdBQr1Bn9QFSaJc6uQ=,0xc6203aeab9c0b7346ca9bcb36a2db50c7823908fd66ad61913a53ad6dbc77192,ZKP2P,15633,0.02178579517479568,144,True
+Xyt1tUxrXrbR9UH3h/0BmCBJJpBDBuFyJFBdmt/U44=,0x46d819ee72e9b51fb0175286e6ade010776b39cdb56aee88bc9f39501050eb92,Team Finance,15458,0.017196915482225003,180,True
SV9mqaimmhC4FU6sfnNlHwhE/0rkaPPzVXVUssBOqH4=,0xa702326f1533f38eef408372a42d435530ec251343b6eeecbd51d0deffe662a0,Magnify Cash World Mini App,15079,0.0016820177640470772,120,True
a0PyEDtZEEjxDRe7zWNpHP+358umEogD6bQI1XfI2eY=,0x7a4bb37bc7997b8e9b34775164682ff1f441b716cd235f2e7cdce76677b66007,zkCodex,14647,0.13098093734880267,165,True
d2qAcqLwm9Th/Omlj96c9SrgZQgf6m2i/XcPE+Vb7Cs=,0x857c78f111b50455cff5d1a4e1ffeaf1927a3ed9f671ab09851de3357c906a14,Native,13677,0.1039591991928721,172,True
fLewnbJDPjFagt06Gzfo7jUVWQ+G1KxDL3bS+DN89lA=,0x12da4f117ab1a57f2f02078df3dbb9ecd4c66fe7b40535314b21218529f554cd,Whirl Protocol,12203,0.029919652707523246,37,True
EGnIDudfUQWj4qmCCyERNT/b3h/3l1STaJjMaUmG6es=,0x24937e547db8ac83965a3d781ef7fe2861f9bbf79828cbc60fcc0598213c5b0a,Echow,11871,0.05604883302487269,151,True
dk1gwy0G/dP9SOcyolL+bfgPQJ0ngqXF6ro9qyQdGwo=,0xf9ebb0464e7162627ab3de5fe03a21c879e932233e1453f2139c2126eb93f72e,Air3,11559,0.011151094972485108,176,True
rma7MMHG/lTDVRVzmvzpjLEe1IgskM2w9Ne7AQvE1q4=,0x2d5167181143298e3d002d318d8b1d2917b8c3205a5634549c95cab0ff32cbdf,Pheasant Network,11224,0.012192235200807606,178,True
s9oMnrnqi9QG2nVDKctKc23ysh+M9K9izApmhFedoT4=,0x3205af3590c303efaaf05769caa5b5290d42b47f857e41a9e0ae285f2b9bce37,Empire Builder,9988,0.028997935926751563,127,True
EiimK/OjLUXPLh91Eh3t7O5IPVEiNNykVTjSu2fbyx0=,0x533b2f5a5496206f22fc2fa7bf4343db0318c1b2598f9dd2098eacb42a8bae67,Chimpers,9863,0.014069057602374774,144,True
GPkPw2+sHiMSo0u65ZfnIeqLYHIGvf+ZI+BtpSZG6KE=,0x5c76f623580566171af2a9553e8b7b230acc71aeb8829446d5eae2579ecda369,WebHash.com,8842,0.009659458762566478,166,True
igtO7r3BNEsM8PUwfeWPGcua331z+/D8tlSWUxIWqB4=,0xfa43f3b12992a9d3d7811ac876c9baa5a81bf9775abfc605e720ec0a90f67786,Metopia,8358,0.024074200499333495,178,True
R/s1bYEjmNlJ2C9XthjT1evUQ14obvGzmvmaIcTiSNY=,0x44ca2c89a912ec7e3f2a38aaecde63044fcaa3024839eb628081a3bcba9c0490,DackieVerse,7987,0.00499796975913186,180,True
8Cgztczct8fnsJW6D2OQcFRY6nClKNyOC7Le0soED94=,0xaa1b878800206da24ee7297fb202ef98a6af0fb3ec298a65ba6b675cb4f4144b,Stepan's project,7078,5.71707906e-09,170,True
ZALEuKWY71Qcj7Tlf8hFHl8XmmlMlST+Cu1ztrue/Xg=,0x76a797e0221710bcbaa35e3bda042e6f62d11af7796ea90dca306114538b527c,Stepan's demo project,6581,5.71707906e-09,170,True
bPOOUUNSpRPzy1JPOoGJKdtb1BHUQi2F/8mjt5e7D6M=,0x0b110fbc9ef6a75eeaacc4b701674ddfc8dbc34762a72e08c0a3c5694244eed7,Rigoblock,6352,0.0008245722094506687,36,True
R1GLGswje04y83WJr2mIPpUxPl+F5hQCZaR19YyXhGA=,0x4b987d79912367ada6c3fa1bf6ad1daa6d164078f8c5efc8db2128b9231087a9,Sturdy,6265,0.15189992450587758,180,True
ZYxDUEvRWLmr9Tpf2u0ztP2fVUg0H0NLROMVdJQNDRM=,0x260127629089be48b8b1ee07c8962451a7f54374163217c7e72188d1ffc8749f,BakerFi,6185,0.01475246915900486,167,True
rAAwgZoi1GhOcPv+YrAtfPGrISW9z5/RFiLWj/YQI3U=,0x3cd7461bfc56982b9e128172617cf423fa76bab573f0f29155963d076214b3fb,Nexart,6117,0.006546345276063718,81,True
owZ14rxpDWPBMxBXsdu3ybsF/7IsdtcyAz5JpAp8sb0=,0xeb6d215732b1ed881e718faa8bf8b4b88a94edf021efa9a3cf3e2cc3c22b0961,Multichaintools,5852,0.0015407936657275544,133,True
Xrci3TfxGk1fFof+fNzWx6Had1yDlmU1CoHHRvzLMGo=,0x7fd813000c03bd11fdf3ded76a3b46db355218c72947acea7f14871a5b0a9258,Satoshi's Secret,5783,0.01609605152323565,179,True
Xzb9b2TdqUM/CJUWu6xWhJhaTUGjZxm3Z4IsCr9843Y=,0xd81fa9e87a999faa70214d7981f6b85f3ea0c7922db0cc91a83552e208f0ec8f,Garden,5157,0.0012961520382448943,141,True
gqAHXIAEt3c1wcx3zIvyc+StftbLzXh5j2GSHeePfBo=,0xa6e21a58b178cdfd073df12288b8edf761b595c2938b81c64e40c944a1403432,Spectra Finance,4797,0.02779117282124636,180,True
b4qel+DN0+bB/PT3hB1o62phxSthj3M6327/IK2+a5U=,0x57cbd227f8353beaaa153466b2c7025ea9e63cb5f2aed5a1934ccacf1f7ff26f,Boredtopia,4694,0.0017748268627700646,43,True
5usyKOU7bv3X4yyKLIo5UjHOBlFYdm9MbS65dj6i1KE=,0x71235a21ecc7917daf805f832b7e18566f8fefde5ce05f741b64cebcd208e92b,Unlock Protocol,4037,0.0009042591470157008,163,True
IGEhaVZkPJUoLVd/FlTbWMBMtkKUZ2X/241sc7BMt+E=,0x59e17037d11869aaa2dfcaa96a2695bb849d6c1edc2cc8bb4d4c1545b8284318,Farville,3817,0.0016948568994312639,81,True
WTkrSKGFE/NJQ8Aw/49PoV7EkJpIxlRdws/Mq4Do5RE=,0xd774790974f07c7c5130903d47ae885f0f3415f0c8ee1bee9c4b17ed2faaafaa,create.party.app,3663,0.00042583735632842606,173,True
eQqgI+0QbOMFFc7BRVNZGqxKr1lvAGNLl3Sr1/VEKuo=,0xe672c4e1230d7870e73e2ba6a9c5389f321dde735289bf33575e163a6ea2f00f,Got Vision,3661,3.6998822178200003e-07,112,True
whSzne13utJrOkyjbU5X3xEuZbQPNrNOHTiQKzQFJlU=,0xb60780abaff82da08ddb98703d6792d806f03f190f6dcd7d0b8e7346533bd4eb,Web3bridge,3634,0.0046499637445215755,48,True
hlhCfD0O68ik/cDXnRHHnelsLFfLUb66x/HOsAURXYQ=,0x347650f58fdf1d96a770b46ad90a029f524d13028fb2107e0123c53c02223ef7,OpenCover,3461,0.005493380224447555,176,True
jOnKrCSU5myGHe3ICVGoabpmdtZ+V8gcqRisDpepqCc=,0x4775f0b321dfa33f32ca86c677c1516d24d4803f6f6ac12e6e0c2dd0d98ac80a,CREDITONCHAIN,3336,0.017382785673040777,87,True
NLj2mhenkGEK3NfYV1RiiO/SkcD4s/WjJdxaH90crnI=,0xdf92f936b0ddd6c5a944d3e2be594168ea108b0909e510b955333c5ef0b40242,ethOS - The Ethereum Phone,3155,0.004071154270876701,180,True
eQqCoZ6ZUM1ejuDhFMANJnjGAF32f7Pf7cWVAbVCSC4=,0x076a2b1418a515ff8c5bb11beed5630cc6fe7f65fd8d42d4403c4364514f2a30,BAG Guild Dapp,3022,0.00067045479631909,34,True
AWt4h9zeTVKtlCCptcCdxAqt1P8tHvgZLjpDLlttfmc=,0x740297a85de756f69945e2cfd9d439598cdb06a70e409e91664c701f5c0af34c,TOCD Studio,2881,0.020012446763513162,179,True
tXGS6SGDHNL8TAhS+fj8+qzF7+FFbx0qJrdfVY2j62I=,0x93b1eafeb62f6cd5099ad82068763c1fd21f9d881c4e1a474ab854876ea84441,Based Year 2024,2858,0.029650701843635153,56,True
WbMhCUaxQRWygvqKQRf7wAKRB0j+FgSo69cCAfbRi6Y=,0xdb5a398a3e5575d284e15f7d4b4ba44ee07c082fbf96b77e217ce2bd4a723168,Songbirdz,2839,0.005429747598366532,180,True
1JT70BN2/Rwx6aSj0KsAtMwm544c8iMGSkvndKJTFZ4=,0x7fe1f445a110236c7355b3abb2d7fe8c02e32f400253b9b134ad6ab7afc0f6fc,TapBase,2702,0.06955490856645008,180,True
lNJHwxmG3SQnN5oVhrvAlg0Trq3FhPneMtpZsxsZTf4=,0x34521bed3b3eb4c08223fb87b6fcc64718d994bc3312c13522a67b90fbfd1df6,Vexy Marketplace,2502,0.02048902597934647,131,True
zVWBMiOJHTeEPXEgWSl1B+tsS8W9vwfv2QU32ANB8yY=,0xae3efd865f9584671ede5e94c83190b0aea5ac5d77eb0179ba849bcaae314546,Base Logos,1791,0.030506404836341025,121,True
KKdh//dYsfvmszPypJDTBaNtE53YZ1Yf51Qd3TUhrE4=,0xa2aee09bb6421f6d4c992822a7dcc110527f91486ee9d9dbf7d5af0a148b41f7,FarRank,1665,0.000563146039511979,32,True
b7muW3E2hHlOFEZs7c+McXNU+W3S2DAxZdpAKlO4xgA=,0x8425bbc8232af955e04d40e708e489a37826ea0d503951368cb8fb8f489bdf14,Collectr,1648,0.001378633980648451,136,True
ujotQ1D+YnXHFVrSwoa3pj8b5jOvXNPF0rfALNIG5GI=,0xe95adf2385dce0a2d8117a410d0a9adcc40710da9cd6d5abdfcb66454a80e59b,tinyass unicorns,1641,0.011174441562896821,114,True
ThRCV8Ih8YCsLe5ZOzwtjnSQ180Yl5GlIOXaFnYC9W0=,0x3c097ad526d2e56e51d548d0b73525d6445c3e988ef9a9c0ec13866cb980f982,BLOBz,1611,0.00942090772121479,43,True
OT6BoCbHARe67sVFlqmawsQ8TwY9/XU7UQ883w27OUE=,0xd9e0c75338d41d200ebe8d347cdedea7b648b38452aa45c9cd87bdebee726786,Guide DAO,1494,0.00011957350664359902,103,True
93BBdChzOJAS6sfGob9PLuLiC+NwuB5EJVVW/DHQ2vM=,0x5b054742b09f8ce4092a15700ef9781520a6ff2928ba5ee09c78ad4dd8817b85,Kiwi News,1396,0.00023516181874755004,145,True
O6quVUzFRcwQOedO+Gkmc+dDV7FM8FmeW8frC813WaE=,0x5a9c81abc79e40fe55a28e080cd3f5edfe73cc15824564b5a8bc086b6724b06b,Immutable Ratings,1367,0.00036819419027666413,42,True
jxyZJmCIfOjgmygX+xfrjrczCzVNGl6y/3qNAN+b/YI=,0x0674e95c746371103249c2c987d64515a4ed5c19dc3fd6a7338f7716ab8afeb4,SnakyCat,1179,0.0004932281581214132,65,True
d44lGEN2WRjKV+NSMwytZOLIs3RVB90l0XOxSjJq28c=,0x4602ef8ac6aa7a0e04813c9ae6474f0836746b12054e492ad75d688e8521b494,Who Is Ebert,1171,6.132609185940898e-05,34,True
LhmNJDpUL4rqmFhVZn3LA/7JHVuRJ56GF9HoGUUhzt0=,0xff350d81524a79a1062f5f4977b45406b822fb4f150ba5a8516b0edf876add0e,Hermes,1096,0.0023897262567705935,128,True
hle+N3YM5tghdfpBxLGwU6k4Bo8wDYIbcCehL36wclE=,0xb41e32621e56fbe7d89052f3c852ff70c6bfe21ba5a91910ef2fd548eb6e4e8a,Mintify,1088,0.0038547286698998487,153,True
I9s4JF4Xq4hWZ9kKevsPsUMtTVgWDJN1qVme/V1Ooe0=,0x93decae913f62c0a86519d0b0798e4a10c46c541bfc14dcff0193d6b026e9532,LlamaPay,1040,0.00014726424521877896,172,True
htC9/ymmAzjie4TkCa70XfoLa4qfLs+8U5wz0ukdjnY=,0xddd8fe12e137d98708193e5149c564a8fa308ff576d65e00e28a60a4223b09f5,FairSharing,1018,0.012273303811302925,91,True
c7vW2qABqwjRHtS3aEF1+uZeC9kqrKtd7Bv7sQiSS0s=,0xb9b7f1175044c211555b5589ee389263d2e455f99c1505e6b121cf6e3f5caaff,Based Onchain Dinos,806,0.000227406405207727,135,False
0L11pj/6WGXOemNtNgE7vay5aRrGaEJ9WPG5YP9Xts4=,0x55c2b578a1e34fbbc872dd8736b8e7dda4c87d12522db966f1bf3e75af900f13,WorldPot,729,0.40983036519331023,137,False
0MI7/f1TFue+ihXO4T7BeNCz3YWUeQH5klAKwkuswco=,0xf53963670e53dd0b7717dcee2cc92b370893944b742ac438a7d0da563d9209bd,InfoFinance,715,0.41015321335106236,136,False
VC9dxEcF3J+NFOJK8oXbeYtOWMI3kyD/r5G+Z7nu2Bg=,0x07bbe4af3099fbf9f18fb4ac7078ee836c5d0d3cc2c29f192dd366455671e2a5,Guac (Farcaster),605,0.0003139027185025992,148,False
usDyvf5/FbrSIBD+zIg7Gl4TGIe3HiKC7H8gXOLfNB0=,0x4243a08e8c46ffd7c6249ef02baf09b98dd2c086a25ddf76f723b82b3c93b71f,Virtualia Magazine,603,0.034422360721158764,89,False
E9yoTCB99+LE9wbUKkODvnBEt275ZlNATXDdKnFLQbQ=,0x5be59dc0909b4da309af49cd207bfd84aa172475abefdaa3bc8442625b723ec3,TAIKAI,480,0.00038897112101986194,107,False
8Y5qG9yF+MFlTqxjDUfp0DOCIFutLjdvd6uwdZk+X2c=,0x5316b19c17eba417d70b924baa6a1c467b14069968424d14fcf1409f2a308873,Bored Town Launchpad,431,0.00024398138850285794,130,False
umhKsF0TiR5L7wQeq75Nt/yOXWrKLbyuYJBGNtT6Ces=,0xf1358b33be174954b454aebca311fc83753dc1d8c743e25c829091ccd69fedd0,Tiny Based Frogs,349,0.000679039027184003,101,False
VfLg5FUUvCRX9k5znTGIGC6VnzSTnWNR+8/bCGthTLg=,0x6ec3da9a1972c6c48d829c695169fa6fba52abc81ddd74577885fef92d5b0fdd,Producer Protocol,334,0.0012258324863688179,61,False
iMLtNGxl570+RXnqdRC64uLu7ZtFLxImZ5Bj1zIEVls=,0x156641d6720964c32e4491c0deaf83a424ec3af5e7df8cc0c93a794e5205a7e0,Harvest.art,277,0.0013868836585754422,32,False
K8y2l5sctus7C4k9W4DfdC+e1OC01pqrvTROnUpMkgk=,0x8997fa34367532a9072ca36c424498162980303a8d36fc49d58c5ac7daac9311,VRNouns,272,0.00011982641766225598,92,False
BmP8F0wO7kPbaM8Cns1sXgTSHkPs5fGPKvG3wpSpNIA=,0x86f78ac4fb043b38c07dcf9e6e689595480ee5dc66f4537a0f700ceaa03abb2a,One more,272,0.0,28,False
GWdNcyHkzu7+xRMW80zhzqlB3ibFuu/eTa60/F1PHL4=,0x8b480f19bf914a4f811346b85a9410af55aa52622b745cbc46d4507c28838821,TITLES,263,7.1691363217676e-05,53,False
LLK6remJzmNWYHJv5LsqViPMz+6FR4LML+t1E9V62WQ=,0xdd5998cc29bcd164fe277beb1e64f1fb28390886bc736a218fca0369537c719f,Records.xyz,192,0.006215944725467058,70,False
rb2UtsHsdjrP44lrniVF9ja6m62SEPB0g39/O2m53U4=,0xb6a587b5b85b1c70847442e3b4a84cecfb55aedd286628a85fbb12770ceb7018,Travenesia,147,9.503302893162199e-05,71,False
tnIsq+BWiIkXbY18UI8L609BBs89EO4o+MJ3+hmFsAA=,0x9e50828e261179c6d1a5c107c7c2c16907b4b529fef416f64af781c5b2ff29d1,Amazing Hunt,145,1.9679604061254002e-05,59,False
YQs1yyGOSRlEd1a+Rrg179+4RuUlQOCLs+3LHa48xco=,0x959c370aa6c127bdd45ba3fcf97242457ac09f0e3e12457b01f345bd10843c1c,ArtGridz,134,0.000129205185189006,21,False
RKXiQ+QWuPsIuoADOdKR8u5M0aV1ybzkcgt8oT70hcw=,0xae07bfec2c3c90937679f8c8c5c32e80407c09903aa03d1b5e5a075e67592b86,DefiLlama,133,3.9536488864135e-05,14,False
21b/3H5SNlkg/45LTGx1ukqqVeLqTW7FxujQAgPVKzU=,0x5f6f36a05c05d9c81416a77153f9b4fcf0abc43550ee70de113f4355c6c7e8ff,AnkitX4,133,0.0004619537287251122,37,False
12zkxLUMRU5rtnRi6MToafW1bkyD3yn/ksFVk/OE3+0=,0xee345ddf96e54920ab4b32bf055b6324ca49dcce0063787137557de0a3b20d35,F1337,124,7.9381207258521e-05,30,False
aNhyehLsAzSQBB7YpgCEMakacyYBkWYdTCGPZfx0k4A=,0xd9e05cb172f09b2388777f07807d40f8b5e90c0712d072f7a88ee4e25b64964d,Pizza People,123,4.3688324935298014e-05,63,False
zCbuxTOy64SbO/+l0E7LtLS2VMhiw+1o0eedXw2s/ao=,0x991062ec81edb818a542e45d7c142cc62bc06e68b582273bd2ae1b037c2d6791,Titan Layer,104,0.0008308024747853901,7,False
eQryHyl8+x+54WRBerJpzOq5reeeIZ08w3KSLM0rE+g=,0x9abf59d6558d67df2d0ef8dca9dea8c0c6e0b00d97b82f5bd326e53583bc6a2b,Delta Forge,59,0.000994297260251846,9,False
qk50KaCd7CHh7oEQjBIVuFDNPzANNpE3yaA2GCpB9Q4=,0xa45ebed9267cf10226c68abc98b1871bdfa611ee51050c161e316be1dbf7e696,Based Onchain Cubes,36,1.336126088601e-05,22,False
OF1V6dVTQOyDRB5uGdm4yvqv6vkP4TlM22Q/wyrZUZI=,0x8f4ac538c2ad2092565a751354d1f11edf4eb3c1ab435de677d2545249f2b744,Fabrii2K,33,9.130613500006199e-05,20,False
SRDfj4oLTHahxreEJp1noyGKJkFxyH0hY4OfpRIPkyk=,0x1daa6d4f1449948487526075c2e4d8ef0b921169e8feae37b293d7fedabd614d,defi degen,29,2.69712576e-07,6,False
NgoVNxiNTOzlsAv1ChtyIaJk2GnReYxexUZDOQJq4aU=,0x935315db8c17993464cfb28337442ad60c6cd434305130a1d5d898e92d6d8123,Trash NFTs,23,5.454437680686e-06,17,False
uYpXuxpTb33CBu9QsVmK2iE/4d47wpn9hHED3hEQRi4=,0xab21a3e2428a81b96eff96f345efe5e2673d8188c15d1346a5829d4f4fa5f3e5,Fundit.Fun,14,0.000324185038614699,2,False
ks5eLh/k8uZFJdvFIzRPkFV3IaRzCHleEc4h9kspTk4=,0xf4b12176e6b62dac1e3f2a2640b19b19cb5c365a6d3a39e0efd2a35838763f18,Cross-chain Gov,14,2.4445044576e-08,4,False
fUkDvtE6aGHLHs9dfhp8rzhhzh7uintrSaO61/OVooU=,0x2cb7fb23e5d066f65a80a09b2eab34d76bbac06de1af16c31dcf2e54119639c3,Smellcheckmate,13,0.013778310792689999,3,False
l5R8VhuGljmAaJZbVxKmOQ0h8aTto0g65DPnCYacImA=,0xe213e0d7df743186f1126dac21a320206119e723ac8818305674df67b87acfe6,Weedies,5,2.419889866678e-06,5,False
SUaETe9RSmxA6e5SBseHYYZJylEoxPRSMrdjhHoh55I=,0x92f33d0611c514cafbf54780ec7925a6080a37a192683444c30116cb099d95e7,PinSave,4,2.46352020024e-07,3,False
xDRo2+S7WjK/AMe32Fs5FunH68jlGtLwlNi3XLr3Bmo=,0x8b68de43c7584b5089fb1308c6a24a682dd9b710f3874874106335f97a5c6e84,Test,3,5.688714668e-07,1,False
7rwdFTFib9+grFKppnjKORPAWVgxJtx50HjnF+7/4Rk=,0x66cb156952c9cd26c329a490b1ae9a90167f3067bbea337888b5d70d374959d7,ZK Email,3,0.0,2,False
Z0E5wD51Hag8einHJvFv4rycuCql5BP8obLIEDSrsbM=,0x27f345fdead33d831d6022462628b6a9ad384e7681ee58648824d17c4addc089,Festify,3,6.34489983352e-07,1,False
co0ICqxqrmJ9a1EsZhd2V7DDmDv1pfaIAxANttA9fBw=,0xc42d914c33ae90e388d0129dfcb43b0dcfe66272876b636830b9556d492f1a45,Mugen Craft,2,5.099560992173e-06,2,False
514s67lKQTp5eW88EJW1fw6fMnCv2Gi3f1c+c36aHjk=,0x59fcf753703c0f32c9d601b7f0071304819e832262efc0c0903f932bb586d10b,youbuidl,2,6.15923184e-08,2,False
